expiry,position_delta,position_gamma,position_vega,position_theta
2026-05-29,0.48743805834639103,0.0039369895019188035,4.401601409704402,-6.54261869650474
