net_delta,net_gamma,net_vega,net_theta
0.48743805834639103,0.0039369895019188035,4.401601409704402,-6.54261869650474
