worst_scenario_pnl,best_scenario_pnl
-93.17769359108209,575.8724218827233
